,Early stage investor at Peak,Amsterdam,https://www.linkedin.com/company/lalaland-ai,2022-08-16T13:10:40.137Z,https://www.linkedin.com/in/choksisiddharth,Siddharth Choksi,Siddharth,Choksi,3.0
,Founder & CEO at Lalaland,Amsterdam,https://www.linkedin.com/company/lalaland-ai,2022-08-16T13:10:40.137Z,https://www.linkedin.com/in/michaelmusandu,Michael Musandu,Michael,Musandu,3.0
,Commercial Director at Beauty2People | International business development | Digital marketeer | Growth trough performance,Arnhem-Nijmegen Bölgesi,https://www.linkedin.com/company/lalaland-ai,2022-08-16T13:10:40.137Z,https://www.linkedin.com/in/sasja-leenders-04251a6,Sasja Leenders,Sasja,Leenders,3.0
,Early stage investor at Peak,Amsterdam,https://www.linkedin.com/company/lalaland-ai,2022-08-16T13:12:14.005Z,https://www.linkedin.com/in/choksisiddharth,Siddharth Choksi,Siddharth,Choksi,3.0
,Founder & CEO at Lalaland,Amsterdam,https://www.linkedin.com/company/lalaland-ai,2022-08-16T13:12:14.005Z,https://www.linkedin.com/in/michaelmusandu,Michael Musandu,Michael,Musandu,3.0
,Commercial Director at Beauty2People | International business development | Digital marketeer | Growth trough performance,Arnhem-Nijmegen Bölgesi,https://www.linkedin.com/company/lalaland-ai,2022-08-16T13:12:14.005Z,https://www.linkedin.com/in/sasja-leenders-04251a6,Sasja Leenders,Sasja,Leenders,3.0
,Early stage investor at Peak,Amsterdam,https://www.linkedin.com/company/lalaland-ai,2022-08-16T13:16:22.619Z,https://www.linkedin.com/in/choksisiddharth,Siddharth Choksi,Siddharth,Choksi,3.0
,Founder & CEO at Lalaland,Amsterdam,https://www.linkedin.com/company/lalaland-ai,2022-08-16T13:16:22.619Z,https://www.linkedin.com/in/michaelmusandu,Michael Musandu,Michael,Musandu,3.0
,Commercial Director at Beauty2People | International business development | Digital marketeer | Growth trough performance,Arnhem-Nijmegen Bölgesi,https://www.linkedin.com/company/lalaland-ai,2022-08-16T13:16:22.620Z,https://www.linkedin.com/in/sasja-leenders-04251a6,Sasja Leenders,Sasja,Leenders,3.0
,Early stage investor at Peak,Amsterdam,https://www.linkedin.com/company/lalaland-ai,2022-08-16T14:16:52.472Z,https://www.linkedin.com/in/choksisiddharth,Siddharth Choksi,Siddharth,Choksi,3.0
,Founder & CEO at Lalaland,Amsterdam,https://www.linkedin.com/company/lalaland-ai,2022-08-16T14:16:52.472Z,https://www.linkedin.com/in/michaelmusandu,Michael Musandu,Michael,Musandu,3.0
,Commercial Director at Beauty2People | International business development | Digital marketeer | Growth trough performance,Arnhem-Nijmegen Bölgesi,https://www.linkedin.com/company/lalaland-ai,2022-08-16T14:16:52.472Z,https://www.linkedin.com/in/sasja-leenders-04251a6,Sasja Leenders,Sasja,Leenders,3.0
,Early stage investor at Peak,Amsterdam,https://www.linkedin.com/company/lalaland-ai,2022-08-16T14:25:09.979Z,https://www.linkedin.com/in/choksisiddharth,Siddharth Choksi,Siddharth,Choksi,3.0
,Founder & CEO at Lalaland,Amsterdam,https://www.linkedin.com/company/lalaland-ai,2022-08-16T14:25:09.979Z,https://www.linkedin.com/in/michaelmusandu,Michael Musandu,Michael,Musandu,3.0
,Commercial Director at Beauty2People | International business development | Digital marketeer | Growth trough performance,Arnhem-Nijmegen Bölgesi,https://www.linkedin.com/company/lalaland-ai,2022-08-16T14:25:09.979Z,https://www.linkedin.com/in/sasja-leenders-04251a6,Sasja Leenders,Sasja,Leenders,3.0
,Early stage investor at Peak,Amsterdam,https://www.linkedin.com/company/lalaland-ai,2022-08-16T15:40:46.677Z,https://www.linkedin.com/in/choksisiddharth,Siddharth Choksi,Siddharth,Choksi,3.0
,Founder & CEO at Lalaland,Amsterdam,https://www.linkedin.com/company/lalaland-ai,2022-08-16T15:40:46.677Z,https://www.linkedin.com/in/michaelmusandu,Michael Musandu,Michael,Musandu,3.0
,Commercial Director at Beauty2People | International business development | Digital marketeer | Growth trough performance,Arnhem-Nijmegen Bölgesi,https://www.linkedin.com/company/lalaland-ai,2022-08-16T15:40:46.677Z,https://www.linkedin.com/in/sasja-leenders-04251a6,Sasja Leenders,Sasja,Leenders,3.0
,Early stage investor at Peak,Amsterdam,https://www.linkedin.com/company/lalaland-ai,2022-08-16T18:34:47.535Z,https://www.linkedin.com/in/choksisiddharth,Siddharth Choksi,Siddharth,Choksi,3.0
,Founder & CEO at Lalaland,Amsterdam,https://www.linkedin.com/company/lalaland-ai,2022-08-16T18:34:47.535Z,https://www.linkedin.com/in/michaelmusandu,Michael Musandu,Michael,Musandu,3.0
,Commercial Director at Beauty2People | International business development | Digital marketeer | Growth trough performance,Arnhem-Nijmegen Bölgesi,https://www.linkedin.com/company/lalaland-ai,2022-08-16T18:34:47.536Z,https://www.linkedin.com/in/sasja-leenders-04251a6,Sasja Leenders,Sasja,Leenders,3.0
,Early stage investor at Peak,Amsterdam,https://www.linkedin.com/company/lalaland-ai,2022-08-16T18:35:40.155Z,https://www.linkedin.com/in/choksisiddharth,Siddharth Choksi,Siddharth,Choksi,3.0
,Founder & CEO at Lalaland,Amsterdam,https://www.linkedin.com/company/lalaland-ai,2022-08-16T18:35:40.156Z,https://www.linkedin.com/in/michaelmusandu,Michael Musandu,Michael,Musandu,3.0
,Commercial Director at Beauty2People | International business development | Digital marketeer | Growth trough performance,Arnhem-Nijmegen Bölgesi,https://www.linkedin.com/company/lalaland-ai,2022-08-16T18:35:40.156Z,https://www.linkedin.com/in/sasja-leenders-04251a6,Sasja Leenders,Sasja,Leenders,3.0
,Early stage investor at Peak,Amsterdam,https://www.linkedin.com/company/lalaland-ai,2022-08-16T18:36:10.286Z,https://www.linkedin.com/in/choksisiddharth,Siddharth Choksi,Siddharth,Choksi,3.0
,Founder & CEO at Lalaland,Amsterdam,https://www.linkedin.com/company/lalaland-ai,2022-08-16T18:36:10.286Z,https://www.linkedin.com/in/michaelmusandu,Michael Musandu,Michael,Musandu,3.0
,Commercial Director at Beauty2People | International business development | Digital marketeer | Growth trough performance,Arnhem-Nijmegen Bölgesi,https://www.linkedin.com/company/lalaland-ai,2022-08-16T18:36:10.287Z,https://www.linkedin.com/in/sasja-leenders-04251a6,Sasja Leenders,Sasja,Leenders,3.0
,Early stage investor at Peak,Amsterdam,https://www.linkedin.com/company/lalaland-ai,2022-08-16T18:37:02.408Z,https://www.linkedin.com/in/choksisiddharth,Siddharth Choksi,Siddharth,Choksi,3.0
,Founder & CEO at Lalaland,Amsterdam,https://www.linkedin.com/company/lalaland-ai,2022-08-16T18:37:02.409Z,https://www.linkedin.com/in/michaelmusandu,Michael Musandu,Michael,Musandu,3.0
,Commercial Director at Beauty2People | International business development | Digital marketeer | Growth trough performance,Arnhem-Nijmegen Bölgesi,https://www.linkedin.com/company/lalaland-ai,2022-08-16T18:37:02.409Z,https://www.linkedin.com/in/sasja-leenders-04251a6,Sasja Leenders,Sasja,Leenders,3.0
,Early stage investor at Peak,Amsterdam,https://www.linkedin.com/company/lalaland-ai,2022-08-16T18:38:21.497Z,https://www.linkedin.com/in/choksisiddharth,Siddharth Choksi,Siddharth,Choksi,3.0
,Founder & CEO at Lalaland,Amsterdam,https://www.linkedin.com/company/lalaland-ai,2022-08-16T18:38:21.497Z,https://www.linkedin.com/in/michaelmusandu,Michael Musandu,Michael,Musandu,3.0
,Commercial Director at Beauty2People | International business development | Digital marketeer | Growth trough performance,Arnhem-Nijmegen Bölgesi,https://www.linkedin.com/company/lalaland-ai,2022-08-16T18:38:21.497Z,https://www.linkedin.com/in/sasja-leenders-04251a6,Sasja Leenders,Sasja,Leenders,3.0
,Early stage investor at Peak,Amsterdam,https://www.linkedin.com/company/lalaland-ai,2022-08-16T18:40:15.876Z,https://www.linkedin.com/in/choksisiddharth,Siddharth Choksi,Siddharth,Choksi,3.0
,Founder & CEO at Lalaland,Amsterdam,https://www.linkedin.com/company/lalaland-ai,2022-08-16T18:40:15.876Z,https://www.linkedin.com/in/michaelmusandu,Michael Musandu,Michael,Musandu,3.0
,Commercial Director at Beauty2People | International business development | Digital marketeer | Growth trough performance,Arnhem-Nijmegen Bölgesi,https://www.linkedin.com/company/lalaland-ai,2022-08-16T18:40:15.876Z,https://www.linkedin.com/in/sasja-leenders-04251a6,Sasja Leenders,Sasja,Leenders,3.0
,Early stage investor at Peak,Amsterdam,https://www.linkedin.com/company/lalaland-ai,2022-08-16T18:42:22.667Z,https://www.linkedin.com/in/choksisiddharth,Siddharth Choksi,Siddharth,Choksi,3.0
,Founder & CEO at Lalaland,Amsterdam,https://www.linkedin.com/company/lalaland-ai,2022-08-16T18:42:22.668Z,https://www.linkedin.com/in/michaelmusandu,Michael Musandu,Michael,Musandu,3.0
,Commercial Director at Beauty2People | International business development | Digital marketeer | Growth trough performance,Arnhem-Nijmegen Bölgesi,https://www.linkedin.com/company/lalaland-ai,2022-08-16T18:42:22.669Z,https://www.linkedin.com/in/sasja-leenders-04251a6,Sasja Leenders,Sasja,Leenders,3.0
,Early stage investor at Peak,Amsterdam,https://www.linkedin.com/company/lalaland-ai,2022-08-16T18:44:40.529Z,https://www.linkedin.com/in/choksisiddharth,Siddharth Choksi,Siddharth,Choksi,3.0
,Founder & CEO at Lalaland,Amsterdam,https://www.linkedin.com/company/lalaland-ai,2022-08-16T18:44:40.530Z,https://www.linkedin.com/in/michaelmusandu,Michael Musandu,Michael,Musandu,3.0
,Commercial Director at Beauty2People | International business development | Digital marketeer | Growth trough performance,Arnhem-Nijmegen Bölgesi,https://www.linkedin.com/company/lalaland-ai,2022-08-16T18:44:40.530Z,https://www.linkedin.com/in/sasja-leenders-04251a6,Sasja Leenders,Sasja,Leenders,3.0
,Early stage investor at Peak,Amsterdam,https://www.linkedin.com/company/lalaland-ai,2022-08-16T18:53:05.583Z,https://www.linkedin.com/in/choksisiddharth,Siddharth Choksi,Siddharth,Choksi,3.0
,Founder & CEO at Lalaland,Amsterdam,https://www.linkedin.com/company/lalaland-ai,2022-08-16T18:53:05.583Z,https://www.linkedin.com/in/michaelmusandu,Michael Musandu,Michael,Musandu,3.0
,Commercial Director at Beauty2People | International business development | Digital marketeer | Growth trough performance,Arnhem-Nijmegen Bölgesi,https://www.linkedin.com/company/lalaland-ai,2022-08-16T18:53:05.583Z,https://www.linkedin.com/in/sasja-leenders-04251a6,Sasja Leenders,Sasja,Leenders,3.0
,Early stage investor at Peak,Amsterdam,https://www.linkedin.com/company/lalaland-ai,2022-08-16T18:53:33.989Z,https://www.linkedin.com/in/choksisiddharth,Siddharth Choksi,Siddharth,Choksi,3.0
,Founder & CEO at Lalaland,Amsterdam,https://www.linkedin.com/company/lalaland-ai,2022-08-16T18:53:33.989Z,https://www.linkedin.com/in/michaelmusandu,Michael Musandu,Michael,Musandu,3.0
,Commercial Director at Beauty2People | International business development | Digital marketeer | Growth trough performance,Arnhem-Nijmegen Bölgesi,https://www.linkedin.com/company/lalaland-ai,2022-08-16T18:53:33.989Z,https://www.linkedin.com/in/sasja-leenders-04251a6,Sasja Leenders,Sasja,Leenders,3.0
,Early stage investor at Peak,Amsterdam,https://www.linkedin.com/company/lalaland-ai,2022-08-16T18:54:48.094Z,https://www.linkedin.com/in/choksisiddharth,Siddharth Choksi,Siddharth,Choksi,3.0
,Founder & CEO at Lalaland,Amsterdam,https://www.linkedin.com/company/lalaland-ai,2022-08-16T18:54:48.095Z,https://www.linkedin.com/in/michaelmusandu,Michael Musandu,Michael,Musandu,3.0
,Commercial Director at Beauty2People | International business development | Digital marketeer | Growth trough performance,Arnhem-Nijmegen Bölgesi,https://www.linkedin.com/company/lalaland-ai,2022-08-16T18:54:48.095Z,https://www.linkedin.com/in/sasja-leenders-04251a6,Sasja Leenders,Sasja,Leenders,3.0
,Early stage investor at Peak,Amsterdam,https://www.linkedin.com/company/lalaland-ai,2022-08-16T18:58:59.225Z,https://www.linkedin.com/in/choksisiddharth,Siddharth Choksi,Siddharth,Choksi,3.0
,Founder & CEO at Lalaland,Amsterdam,https://www.linkedin.com/company/lalaland-ai,2022-08-16T18:58:59.225Z,https://www.linkedin.com/in/michaelmusandu,Michael Musandu,Michael,Musandu,3.0
,Commercial Director at Beauty2People | International business development | Digital marketeer | Growth trough performance,Arnhem-Nijmegen Bölgesi,https://www.linkedin.com/company/lalaland-ai,2022-08-16T18:58:59.226Z,https://www.linkedin.com/in/sasja-leenders-04251a6,Sasja Leenders,Sasja,Leenders,3.0
,Early stage investor at Peak,Amsterdam,https://www.linkedin.com/company/lalaland-ai,2022-08-16T19:00:25.598Z,https://www.linkedin.com/in/choksisiddharth,Siddharth Choksi,Siddharth,Choksi,3.0
,Founder & CEO at Lalaland,Amsterdam,https://www.linkedin.com/company/lalaland-ai,2022-08-16T19:00:25.598Z,https://www.linkedin.com/in/michaelmusandu,Michael Musandu,Michael,Musandu,3.0
,Commercial Director at Beauty2People | International business development | Digital marketeer | Growth trough performance,Arnhem-Nijmegen Bölgesi,https://www.linkedin.com/company/lalaland-ai,2022-08-16T19:00:25.598Z,https://www.linkedin.com/in/sasja-leenders-04251a6,Sasja Leenders,Sasja,Leenders,3.0
,Early stage investor at Peak,Amsterdam,https://www.linkedin.com/company/lalaland-ai,2022-08-16T19:01:23.444Z,https://www.linkedin.com/in/choksisiddharth,Siddharth Choksi,Siddharth,Choksi,3.0
,Founder & CEO at Lalaland,Amsterdam,https://www.linkedin.com/company/lalaland-ai,2022-08-16T19:01:23.444Z,https://www.linkedin.com/in/michaelmusandu,Michael Musandu,Michael,Musandu,3.0
,Commercial Director at Beauty2People | International business development | Digital marketeer | Growth trough performance,Arnhem-Nijmegen Bölgesi,https://www.linkedin.com/company/lalaland-ai,2022-08-16T19:01:23.444Z,https://www.linkedin.com/in/sasja-leenders-04251a6,Sasja Leenders,Sasja,Leenders,3.0
,Early stage investor at Peak,Amsterdam,https://www.linkedin.com/company/lalaland-ai,2022-08-16T19:02:09.860Z,https://www.linkedin.com/in/choksisiddharth,Siddharth Choksi,Siddharth,Choksi,3.0
,Founder & CEO at Lalaland,Amsterdam,https://www.linkedin.com/company/lalaland-ai,2022-08-16T19:02:09.860Z,https://www.linkedin.com/in/michaelmusandu,Michael Musandu,Michael,Musandu,3.0
,Commercial Director at Beauty2People | International business development | Digital marketeer | Growth trough performance,Arnhem-Nijmegen Bölgesi,https://www.linkedin.com/company/lalaland-ai,2022-08-16T19:02:09.860Z,https://www.linkedin.com/in/sasja-leenders-04251a6,Sasja Leenders,Sasja,Leenders,3.0
,Early stage investor at Peak,Amsterdam,https://www.linkedin.com/company/lalaland-ai,2022-08-16T19:04:43.507Z,https://www.linkedin.com/in/choksisiddharth,Siddharth Choksi,Siddharth,Choksi,3.0
,Founder & CEO at Lalaland,Amsterdam,https://www.linkedin.com/company/lalaland-ai,2022-08-16T19:04:43.507Z,https://www.linkedin.com/in/michaelmusandu,Michael Musandu,Michael,Musandu,3.0
,Commercial Director at Beauty2People | International business development | Digital marketeer | Growth trough performance,Arnhem-Nijmegen Bölgesi,https://www.linkedin.com/company/lalaland-ai,2022-08-16T19:04:43.508Z,https://www.linkedin.com/in/sasja-leenders-04251a6,Sasja Leenders,Sasja,Leenders,3.0
,Early stage investor at Peak,Amsterdam,https://www.linkedin.com/company/lalaland-ai,2022-08-16T19:08:53.843Z,https://www.linkedin.com/in/choksisiddharth,Siddharth Choksi,Siddharth,Choksi,3.0
,Founder & CEO at Lalaland,Amsterdam,https://www.linkedin.com/company/lalaland-ai,2022-08-16T19:08:53.844Z,https://www.linkedin.com/in/michaelmusandu,Michael Musandu,Michael,Musandu,3.0
,Commercial Director at Beauty2People | International business development | Digital marketeer | Growth trough performance,Arnhem-Nijmegen Bölgesi,https://www.linkedin.com/company/lalaland-ai,2022-08-16T19:08:53.844Z,https://www.linkedin.com/in/sasja-leenders-04251a6,Sasja Leenders,Sasja,Leenders,3.0
,Early stage investor at Peak,Amsterdam,https://www.linkedin.com/company/lalaland-ai,2022-08-16T19:14:41.011Z,https://www.linkedin.com/in/choksisiddharth,Siddharth Choksi,Siddharth,Choksi,3.0
,Founder & CEO at Lalaland,Amsterdam,https://www.linkedin.com/company/lalaland-ai,2022-08-16T19:14:41.011Z,https://www.linkedin.com/in/michaelmusandu,Michael Musandu,Michael,Musandu,3.0
,Commercial Director at Beauty2People | International business development | Digital marketeer | Growth trough performance,Arnhem-Nijmegen Bölgesi,https://www.linkedin.com/company/lalaland-ai,2022-08-16T19:14:41.011Z,https://www.linkedin.com/in/sasja-leenders-04251a6,Sasja Leenders,Sasja,Leenders,3.0
,Early stage investor at Peak,Amsterdam,https://www.linkedin.com/company/lalaland-ai,2022-08-16T19:15:26.781Z,https://www.linkedin.com/in/choksisiddharth,Siddharth Choksi,Siddharth,Choksi,3.0
,Founder & CEO at Lalaland,Amsterdam,https://www.linkedin.com/company/lalaland-ai,2022-08-16T19:15:26.782Z,https://www.linkedin.com/in/michaelmusandu,Michael Musandu,Michael,Musandu,3.0
,Commercial Director at Beauty2People | International business development | Digital marketeer | Growth trough performance,Arnhem-Nijmegen Bölgesi,https://www.linkedin.com/company/lalaland-ai,2022-08-16T19:15:26.782Z,https://www.linkedin.com/in/sasja-leenders-04251a6,Sasja Leenders,Sasja,Leenders,3.0
,Early stage investor at Peak,Amsterdam,https://www.linkedin.com/company/lalaland-ai,2022-08-16T19:17:03.549Z,https://www.linkedin.com/in/choksisiddharth,Siddharth Choksi,Siddharth,Choksi,3.0
,Founder & CEO at Lalaland,Amsterdam,https://www.linkedin.com/company/lalaland-ai,2022-08-16T19:17:03.549Z,https://www.linkedin.com/in/michaelmusandu,Michael Musandu,Michael,Musandu,3.0
,Commercial Director at Beauty2People | International business development | Digital marketeer | Growth trough performance,Arnhem-Nijmegen Bölgesi,https://www.linkedin.com/company/lalaland-ai,2022-08-16T19:17:03.549Z,https://www.linkedin.com/in/sasja-leenders-04251a6,Sasja Leenders,Sasja,Leenders,3.0
,Early stage investor at Peak,Amsterdam,https://www.linkedin.com/company/lalaland-ai,2022-08-16T19:18:18.644Z,https://www.linkedin.com/in/choksisiddharth,Siddharth Choksi,Siddharth,Choksi,3.0
,Founder & CEO at Lalaland,Amsterdam,https://www.linkedin.com/company/lalaland-ai,2022-08-16T19:18:18.644Z,https://www.linkedin.com/in/michaelmusandu,Michael Musandu,Michael,Musandu,3.0
,Commercial Director at Beauty2People | International business development | Digital marketeer | Growth trough performance,Arnhem-Nijmegen Bölgesi,https://www.linkedin.com/company/lalaland-ai,2022-08-16T19:18:18.644Z,https://www.linkedin.com/in/sasja-leenders-04251a6,Sasja Leenders,Sasja,Leenders,3.0
,Early stage investor at Peak,Amsterdam,https://www.linkedin.com/company/lalaland-ai,2022-08-16T19:19:31.232Z,https://www.linkedin.com/in/choksisiddharth,Siddharth Choksi,Siddharth,Choksi,3.0
,Founder & CEO at Lalaland,Amsterdam,https://www.linkedin.com/company/lalaland-ai,2022-08-16T19:19:31.232Z,https://www.linkedin.com/in/michaelmusandu,Michael Musandu,Michael,Musandu,3.0
,Commercial Director at Beauty2People | International business development | Digital marketeer | Growth trough performance,Arnhem-Nijmegen Bölgesi,https://www.linkedin.com/company/lalaland-ai,2022-08-16T19:19:31.232Z,https://www.linkedin.com/in/sasja-leenders-04251a6,Sasja Leenders,Sasja,Leenders,3.0
,Early stage investor at Peak,Amsterdam,https://www.linkedin.com/company/lalaland-ai,2022-08-16T19:20:25.229Z,https://www.linkedin.com/in/choksisiddharth,Siddharth Choksi,Siddharth,Choksi,3.0
,Founder & CEO at Lalaland,Amsterdam,https://www.linkedin.com/company/lalaland-ai,2022-08-16T19:20:25.230Z,https://www.linkedin.com/in/michaelmusandu,Michael Musandu,Michael,Musandu,3.0
,Commercial Director at Beauty2People | International business development | Digital marketeer | Growth trough performance,Arnhem-Nijmegen Bölgesi,https://www.linkedin.com/company/lalaland-ai,2022-08-16T19:20:25.230Z,https://www.linkedin.com/in/sasja-leenders-04251a6,Sasja Leenders,Sasja,Leenders,3.0
,Early stage investor at Peak,Amsterdam,https://www.linkedin.com/company/lalaland-ai,2022-08-16T19:21:33.382Z,https://www.linkedin.com/in/choksisiddharth,Siddharth Choksi,Siddharth,Choksi,3.0
,Founder & CEO at Lalaland,Amsterdam,https://www.linkedin.com/company/lalaland-ai,2022-08-16T19:21:33.383Z,https://www.linkedin.com/in/michaelmusandu,Michael Musandu,Michael,Musandu,3.0
,Commercial Director at Beauty2People | International business development | Digital marketeer | Growth trough performance,Arnhem-Nijmegen Bölgesi,https://www.linkedin.com/company/lalaland-ai,2022-08-16T19:21:33.383Z,https://www.linkedin.com/in/sasja-leenders-04251a6,Sasja Leenders,Sasja,Leenders,3.0
,Early stage investor at Peak,Amsterdam,https://www.linkedin.com/company/lalaland-ai,2022-08-16T19:24:46.155Z,https://www.linkedin.com/in/choksisiddharth,Siddharth Choksi,Siddharth,Choksi,3.0
,Founder & CEO at Lalaland,Amsterdam,https://www.linkedin.com/company/lalaland-ai,2022-08-16T19:24:46.155Z,https://www.linkedin.com/in/michaelmusandu,Michael Musandu,Michael,Musandu,3.0
,Commercial Director at Beauty2People | International business development | Digital marketeer | Growth trough performance,Arnhem-Nijmegen Bölgesi,https://www.linkedin.com/company/lalaland-ai,2022-08-16T19:24:46.155Z,https://www.linkedin.com/in/sasja-leenders-04251a6,Sasja Leenders,Sasja,Leenders,3.0
,Early stage investor at Peak,Amsterdam,https://www.linkedin.com/company/lalaland-ai,2022-08-16T19:26:49.780Z,https://www.linkedin.com/in/choksisiddharth,Siddharth Choksi,Siddharth,Choksi,3.0
,Founder & CEO at Lalaland,Amsterdam,https://www.linkedin.com/company/lalaland-ai,2022-08-16T19:26:49.780Z,https://www.linkedin.com/in/michaelmusandu,Michael Musandu,Michael,Musandu,3.0
,Commercial Director at Beauty2People | International business development | Digital marketeer | Growth trough performance,Arnhem-Nijmegen Bölgesi,https://www.linkedin.com/company/lalaland-ai,2022-08-16T19:26:49.780Z,https://www.linkedin.com/in/sasja-leenders-04251a6,Sasja Leenders,Sasja,Leenders,3.0
,Founder & CEO at Lalaland,Amsterdam,https://www.linkedin.com/company/lalaland-ai,2022-08-17T06:49:39.771Z,https://www.linkedin.com/in/michaelmusandu,Michael Musandu,Michael,Musandu,3.0
,Early stage investor at Peak,Amsterdam,https://www.linkedin.com/company/lalaland-ai,2022-08-17T06:49:39.771Z,https://www.linkedin.com/in/choksisiddharth,Siddharth Choksi,Siddharth,Choksi,3.0
,Commercial Director at Beauty2People | International business development | Digital marketeer | Growth trough performance,Arnhem-Nijmegen Bölgesi,https://www.linkedin.com/company/lalaland-ai,2022-08-17T06:49:39.772Z,https://www.linkedin.com/in/sasja-leenders-04251a6,Sasja Leenders,Sasja,Leenders,3.0
,Founder & CEO at Lalaland,Amsterdam,https://www.linkedin.com/company/lalaland-ai,2022-08-17T06:53:07.193Z,https://www.linkedin.com/in/michaelmusandu,Michael Musandu,Michael,Musandu,3.0
,Early stage investor at Peak,Amsterdam,https://www.linkedin.com/company/lalaland-ai,2022-08-17T06:53:07.193Z,https://www.linkedin.com/in/choksisiddharth,Siddharth Choksi,Siddharth,Choksi,3.0
,Commercial Director at Beauty2People | International business development | Digital marketeer | Growth trough performance,Arnhem-Nijmegen Bölgesi,https://www.linkedin.com/company/lalaland-ai,2022-08-17T06:53:07.193Z,https://www.linkedin.com/in/sasja-leenders-04251a6,Sasja Leenders,Sasja,Leenders,3.0
,Founder & CEO at Lalaland,Amsterdam,https://www.linkedin.com/company/lalaland-ai,2022-08-17T06:58:12.454Z,https://www.linkedin.com/in/michaelmusandu,Michael Musandu,Michael,Musandu,3.0
,Early stage investor at Peak,Amsterdam,https://www.linkedin.com/company/lalaland-ai,2022-08-17T06:58:12.454Z,https://www.linkedin.com/in/choksisiddharth,Siddharth Choksi,Siddharth,Choksi,3.0
,Commercial Director at Beauty2People | International business development | Digital marketeer | Growth trough performance,Arnhem-Nijmegen Bölgesi,https://www.linkedin.com/company/lalaland-ai,2022-08-17T06:58:12.454Z,https://www.linkedin.com/in/sasja-leenders-04251a6,Sasja Leenders,Sasja,Leenders,3.0
,Founder & CEO at Lalaland,Amsterdam,https://www.linkedin.com/company/lalaland-ai,2022-08-17T07:01:14.009Z,https://www.linkedin.com/in/michaelmusandu,Michael Musandu,Michael,Musandu,3.0
,Early stage investor at Peak,Amsterdam,https://www.linkedin.com/company/lalaland-ai,2022-08-17T07:01:14.010Z,https://www.linkedin.com/in/choksisiddharth,Siddharth Choksi,Siddharth,Choksi,3.0
,Commercial Director at Beauty2People | International business development | Digital marketeer | Growth trough performance,Arnhem-Nijmegen Bölgesi,https://www.linkedin.com/company/lalaland-ai,2022-08-17T07:01:14.010Z,https://www.linkedin.com/in/sasja-leenders-04251a6,Sasja Leenders,Sasja,Leenders,3.0
,Founder & CEO at Lalaland,Amsterdam,https://www.linkedin.com/company/lalaland-ai,2022-08-17T07:05:08.915Z,https://www.linkedin.com/in/michaelmusandu,Michael Musandu,Michael,Musandu,3.0
,Early stage investor at Peak,Amsterdam,https://www.linkedin.com/company/lalaland-ai,2022-08-17T07:05:08.915Z,https://www.linkedin.com/in/choksisiddharth,Siddharth Choksi,Siddharth,Choksi,3.0
,Commercial Director at Beauty2People | International business development | Digital marketeer | Growth trough performance,Arnhem-Nijmegen Bölgesi,https://www.linkedin.com/company/lalaland-ai,2022-08-17T07:05:08.915Z,https://www.linkedin.com/in/sasja-leenders-04251a6,Sasja Leenders,Sasja,Leenders,3.0
,Founder & CEO at Lalaland,Amsterdam,https://www.linkedin.com/company/lalaland-ai,2022-08-17T07:09:19.977Z,https://www.linkedin.com/in/michaelmusandu,Michael Musandu,Michael,Musandu,3.0
,Early stage investor at Peak,Amsterdam,https://www.linkedin.com/company/lalaland-ai,2022-08-17T07:09:19.977Z,https://www.linkedin.com/in/choksisiddharth,Siddharth Choksi,Siddharth,Choksi,3.0
,Commercial Director at Beauty2People | International business development | Digital marketeer | Growth trough performance,Arnhem-Nijmegen Bölgesi,https://www.linkedin.com/company/lalaland-ai,2022-08-17T07:09:19.977Z,https://www.linkedin.com/in/sasja-leenders-04251a6,Sasja Leenders,Sasja,Leenders,3.0
,Founder & CEO at Lalaland,Amsterdam,https://www.linkedin.com/company/lalaland-ai,2022-08-17T07:28:32.498Z,https://www.linkedin.com/in/michaelmusandu,Michael Musandu,Michael,Musandu,3.0
,Early stage investor at Peak,Amsterdam,https://www.linkedin.com/company/lalaland-ai,2022-08-17T07:28:32.498Z,https://www.linkedin.com/in/choksisiddharth,Siddharth Choksi,Siddharth,Choksi,3.0
,Commercial Director at Beauty2People | International business development | Digital marketeer | Growth trough performance,Arnhem-Nijmegen Bölgesi,https://www.linkedin.com/company/lalaland-ai,2022-08-17T07:28:32.498Z,https://www.linkedin.com/in/sasja-leenders-04251a6,Sasja Leenders,Sasja,Leenders,3.0
,Founder & CEO at Lalaland,Amsterdam,https://www.linkedin.com/company/lalaland-ai,2022-08-17T07:34:04.355Z,https://www.linkedin.com/in/michaelmusandu,Michael Musandu,Michael,Musandu,3.0
,Early stage investor at Peak,Amsterdam,https://www.linkedin.com/company/lalaland-ai,2022-08-17T07:34:04.355Z,https://www.linkedin.com/in/choksisiddharth,Siddharth Choksi,Siddharth,Choksi,3.0
,Commercial Director at Beauty2People | International business development | Digital marketeer | Growth trough performance,Arnhem-Nijmegen Bölgesi,https://www.linkedin.com/company/lalaland-ai,2022-08-17T07:34:04.355Z,https://www.linkedin.com/in/sasja-leenders-04251a6,Sasja Leenders,Sasja,Leenders,3.0
,Founder & CEO at Lalaland,Amsterdam,https://www.linkedin.com/company/lalaland-ai,2022-08-17T07:35:30.853Z,https://www.linkedin.com/in/michaelmusandu,Michael Musandu,Michael,Musandu,3.0
,Early stage investor at Peak,Amsterdam,https://www.linkedin.com/company/lalaland-ai,2022-08-17T07:35:30.853Z,https://www.linkedin.com/in/choksisiddharth,Siddharth Choksi,Siddharth,Choksi,3.0
,Commercial Director at Beauty2People | International business development | Digital marketeer | Growth trough performance,Arnhem-Nijmegen Bölgesi,https://www.linkedin.com/company/lalaland-ai,2022-08-17T07:35:30.853Z,https://www.linkedin.com/in/sasja-leenders-04251a6,Sasja Leenders,Sasja,Leenders,3.0
,Founder & CEO at Lalaland,Amsterdam,https://www.linkedin.com/company/lalaland-ai,2022-08-17T07:36:20.329Z,https://www.linkedin.com/in/michaelmusandu,Michael Musandu,Michael,Musandu,3.0
,Early stage investor at Peak,Amsterdam,https://www.linkedin.com/company/lalaland-ai,2022-08-17T07:36:20.329Z,https://www.linkedin.com/in/choksisiddharth,Siddharth Choksi,Siddharth,Choksi,3.0
,Commercial Director at Beauty2People | International business development | Digital marketeer | Growth trough performance,Arnhem-Nijmegen Bölgesi,https://www.linkedin.com/company/lalaland-ai,2022-08-17T07:36:20.329Z,https://www.linkedin.com/in/sasja-leenders-04251a6,Sasja Leenders,Sasja,Leenders,3.0
,Founder & CEO at Lalaland,Amsterdam,https://www.linkedin.com/company/lalaland-ai,2022-08-17T07:45:39.653Z,https://www.linkedin.com/in/michaelmusandu,Michael Musandu,Michael,Musandu,3.0
,Early stage investor at Peak,Amsterdam,https://www.linkedin.com/company/lalaland-ai,2022-08-17T07:45:39.653Z,https://www.linkedin.com/in/choksisiddharth,Siddharth Choksi,Siddharth,Choksi,3.0
,Commercial Director at Beauty2People | International business development | Digital marketeer | Growth trough performance,Arnhem-Nijmegen Bölgesi,https://www.linkedin.com/company/lalaland-ai,2022-08-17T07:45:39.653Z,https://www.linkedin.com/in/sasja-leenders-04251a6,Sasja Leenders,Sasja,Leenders,3.0
,Founder & CEO at Lalaland,Amsterdam,https://www.linkedin.com/company/lalaland-ai,2022-08-17T07:50:20.317Z,https://www.linkedin.com/in/michaelmusandu,Michael Musandu,Michael,Musandu,3.0
,Early stage investor at Peak,Amsterdam,https://www.linkedin.com/company/lalaland-ai,2022-08-17T07:50:20.317Z,https://www.linkedin.com/in/choksisiddharth,Siddharth Choksi,Siddharth,Choksi,3.0
,Commercial Director at Beauty2People | International business development | Digital marketeer | Growth trough performance,Arnhem-Nijmegen Bölgesi,https://www.linkedin.com/company/lalaland-ai,2022-08-17T07:50:20.317Z,https://www.linkedin.com/in/sasja-leenders-04251a6,Sasja Leenders,Sasja,Leenders,3.0
,Founder & CEO at Lalaland,Amsterdam,https://www.linkedin.com/company/lalaland-ai,2022-08-17T07:52:00.957Z,https://www.linkedin.com/in/michaelmusandu,Michael Musandu,Michael,Musandu,3.0
,Early stage investor at Peak,Amsterdam,https://www.linkedin.com/company/lalaland-ai,2022-08-17T07:52:00.957Z,https://www.linkedin.com/in/choksisiddharth,Siddharth Choksi,Siddharth,Choksi,3.0
,Commercial Director at Beauty2People | International business development | Digital marketeer | Growth trough performance,Arnhem-Nijmegen Bölgesi,https://www.linkedin.com/company/lalaland-ai,2022-08-17T07:52:00.957Z,https://www.linkedin.com/in/sasja-leenders-04251a6,Sasja Leenders,Sasja,Leenders,3.0
,Founder & CEO at Lalaland,Amsterdam,https://www.linkedin.com/company/lalaland-ai,2022-08-17T07:53:10.406Z,https://www.linkedin.com/in/michaelmusandu,Michael Musandu,Michael,Musandu,3.0
,Early stage investor at Peak,Amsterdam,https://www.linkedin.com/company/lalaland-ai,2022-08-17T07:53:10.406Z,https://www.linkedin.com/in/choksisiddharth,Siddharth Choksi,Siddharth,Choksi,3.0
,Commercial Director at Beauty2People | International business development | Digital marketeer | Growth trough performance,Arnhem-Nijmegen Bölgesi,https://www.linkedin.com/company/lalaland-ai,2022-08-17T07:53:10.406Z,https://www.linkedin.com/in/sasja-leenders-04251a6,Sasja Leenders,Sasja,Leenders,3.0
,Founder & CEO at Lalaland,Amsterdam,https://www.linkedin.com/company/lalaland-ai,2022-08-17T07:58:43.885Z,https://www.linkedin.com/in/michaelmusandu,Michael Musandu,Michael,Musandu,3.0
,Early stage investor at Peak,Amsterdam,https://www.linkedin.com/company/lalaland-ai,2022-08-17T07:58:43.886Z,https://www.linkedin.com/in/choksisiddharth,Siddharth Choksi,Siddharth,Choksi,3.0
,Commercial Director at Beauty2People | International business development | Digital marketeer | Growth trough performance,Arnhem-Nijmegen Bölgesi,https://www.linkedin.com/company/lalaland-ai,2022-08-17T07:58:43.886Z,https://www.linkedin.com/in/sasja-leenders-04251a6,Sasja Leenders,Sasja,Leenders,3.0
,Founder & CEO at Lalaland,Amsterdam,https://www.linkedin.com/company/lalaland-ai,2022-08-17T11:19:28.162Z,https://www.linkedin.com/in/michaelmusandu,Michael Musandu,Michael,Musandu,3.0
,Early stage investor at Peak,Amsterdam,https://www.linkedin.com/company/lalaland-ai,2022-08-17T11:19:28.162Z,https://www.linkedin.com/in/choksisiddharth,Siddharth Choksi,Siddharth,Choksi,3.0
,Commercial Director at Beauty2People | International business development | Digital marketeer | Growth trough performance,Arnhem-Nijmegen Bölgesi,https://www.linkedin.com/company/lalaland-ai,2022-08-17T11:19:28.162Z,https://www.linkedin.com/in/sasja-leenders-04251a6,Sasja Leenders,Sasja,Leenders,3.0
,Founder & CEO at Lalaland,Amsterdam,https://www.linkedin.com/company/lalaland-ai,2022-08-17T11:24:32.399Z,https://www.linkedin.com/in/michaelmusandu,Michael Musandu,Michael,Musandu,3.0
,Early stage investor at Peak,Amsterdam,https://www.linkedin.com/company/lalaland-ai,2022-08-17T11:24:32.400Z,https://www.linkedin.com/in/choksisiddharth,Siddharth Choksi,Siddharth,Choksi,3.0
,Commercial Director at Beauty2People | International business development | Digital marketeer | Growth trough performance,Arnhem-Nijmegen Bölgesi,https://www.linkedin.com/company/lalaland-ai,2022-08-17T11:24:32.400Z,https://www.linkedin.com/in/sasja-leenders-04251a6,Sasja Leenders,Sasja,Leenders,3.0
,Founder & CEO at Lalaland,Amsterdam,https://www.linkedin.com/company/lalaland-ai,2022-08-17T11:27:22.792Z,https://www.linkedin.com/in/michaelmusandu,Michael Musandu,Michael,Musandu,3.0
,Early stage investor at Peak,Amsterdam,https://www.linkedin.com/company/lalaland-ai,2022-08-17T11:27:22.792Z,https://www.linkedin.com/in/choksisiddharth,Siddharth Choksi,Siddharth,Choksi,3.0
,Commercial Director at Beauty2People | International business development | Digital marketeer | Growth trough performance,Arnhem-Nijmegen Bölgesi,https://www.linkedin.com/company/lalaland-ai,2022-08-17T11:27:22.792Z,https://www.linkedin.com/in/sasja-leenders-04251a6,Sasja Leenders,Sasja,Leenders,3.0
,Founder & CEO at Lalaland,Amsterdam,https://www.linkedin.com/company/lalaland-ai,2022-08-17T11:44:14.023Z,https://www.linkedin.com/in/michaelmusandu,Michael Musandu,Michael,Musandu,3.0
,Early stage investor at Peak,Amsterdam,https://www.linkedin.com/company/lalaland-ai,2022-08-17T11:44:14.024Z,https://www.linkedin.com/in/choksisiddharth,Siddharth Choksi,Siddharth,Choksi,3.0
,Commercial Director at Beauty2People | International business development | Digital marketeer | Growth trough performance,Arnhem-Nijmegen Bölgesi,https://www.linkedin.com/company/lalaland-ai,2022-08-17T11:44:14.024Z,https://www.linkedin.com/in/sasja-leenders-04251a6,Sasja Leenders,Sasja,Leenders,3.0
,Founder & CEO at Lalaland,Amsterdam,https://www.linkedin.com/company/lalaland-ai,2022-08-18T09:35:17.697Z,https://www.linkedin.com/in/michaelmusandu,Michael Musandu,Michael,Musandu,3.0
,Early stage investor at Peak,Amsterdam,https://www.linkedin.com/company/lalaland-ai,2022-08-18T09:35:17.697Z,https://www.linkedin.com/in/choksisiddharth,Siddharth Choksi,Siddharth,Choksi,3.0
,Commercial Director at Beauty2People | International business development | Digital marketeer | Growth trough performance,Arnhem-Nijmegen Bölgesi,https://www.linkedin.com/company/lalaland-ai,2022-08-18T09:35:17.697Z,https://www.linkedin.com/in/sasja-leenders-04251a6,Sasja Leenders,Sasja,Leenders,3.0
,Founder & CEO at Lalaland,Amsterdam,https://www.linkedin.com/company/lalaland-ai,2022-08-18T09:44:08.968Z,https://www.linkedin.com/in/michaelmusandu,Michael Musandu,Michael,Musandu,3.0
,Early stage investor at Peak,Amsterdam,https://www.linkedin.com/company/lalaland-ai,2022-08-18T09:44:08.968Z,https://www.linkedin.com/in/choksisiddharth,Siddharth Choksi,Siddharth,Choksi,3.0
,Commercial Director at Beauty2People | International business development | Digital marketeer | Growth trough performance,Arnhem-Nijmegen Bölgesi,https://www.linkedin.com/company/lalaland-ai,2022-08-18T09:44:08.968Z,https://www.linkedin.com/in/sasja-leenders-04251a6,Sasja Leenders,Sasja,Leenders,3.0
,Founder & CEO at Lalaland,Amsterdam,https://www.linkedin.com/company/lalaland-ai,2022-08-18T10:07:13.751Z,https://www.linkedin.com/in/michaelmusandu,Michael Musandu,Michael,Musandu,3.0
,Early stage investor at Peak,Amsterdam,https://www.linkedin.com/company/lalaland-ai,2022-08-18T10:07:13.751Z,https://www.linkedin.com/in/choksisiddharth,Siddharth Choksi,Siddharth,Choksi,3.0
,Commercial Director at Beauty2People | International business development | Digital marketeer | Growth trough performance,Arnhem-Nijmegen Bölgesi,https://www.linkedin.com/company/lalaland-ai,2022-08-18T10:07:13.751Z,https://www.linkedin.com/in/sasja-leenders-04251a6,Sasja Leenders,Sasja,Leenders,3.0
,Founder & CEO at Lalaland,Amsterdam,https://www.linkedin.com/company/lalaland-ai,2022-08-18T10:49:16.200Z,https://www.linkedin.com/in/michaelmusandu,Michael Musandu,Michael,Musandu,3.0
,Early stage investor at Peak,Amsterdam,https://www.linkedin.com/company/lalaland-ai,2022-08-18T10:49:16.200Z,https://www.linkedin.com/in/choksisiddharth,Siddharth Choksi,Siddharth,Choksi,3.0
,Commercial Director at Beauty2People | International business development | Digital marketeer | Growth trough performance,Arnhem-Nijmegen Bölgesi,https://www.linkedin.com/company/lalaland-ai,2022-08-18T10:49:16.201Z,https://www.linkedin.com/in/sasja-leenders-04251a6,Sasja Leenders,Sasja,Leenders,3.0
,Founder & CEO at Lalaland,Amsterdam,https://www.linkedin.com/company/lalaland-ai,2022-08-18T10:50:16.780Z,https://www.linkedin.com/in/michaelmusandu,Michael Musandu,Michael,Musandu,3.0
,Early stage investor at Peak,Amsterdam,https://www.linkedin.com/company/lalaland-ai,2022-08-18T10:50:16.780Z,https://www.linkedin.com/in/choksisiddharth,Siddharth Choksi,Siddharth,Choksi,3.0
,Commercial Director at Beauty2People | International business development | Digital marketeer | Growth trough performance,Arnhem-Nijmegen Bölgesi,https://www.linkedin.com/company/lalaland-ai,2022-08-18T10:50:16.780Z,https://www.linkedin.com/in/sasja-leenders-04251a6,Sasja Leenders,Sasja,Leenders,3.0
,Founder & CEO at Lalaland,Amsterdam,https://www.linkedin.com/company/lalaland-ai,2022-08-18T10:51:28.563Z,https://www.linkedin.com/in/michaelmusandu,Michael Musandu,Michael,Musandu,3.0
,Early stage investor at Peak,Amsterdam,https://www.linkedin.com/company/lalaland-ai,2022-08-18T10:51:28.563Z,https://www.linkedin.com/in/choksisiddharth,Siddharth Choksi,Siddharth,Choksi,3.0
,Commercial Director at Beauty2People | International business development | Digital marketeer | Growth trough performance,Arnhem-Nijmegen Bölgesi,https://www.linkedin.com/company/lalaland-ai,2022-08-18T10:51:28.563Z,https://www.linkedin.com/in/sasja-leenders-04251a6,Sasja Leenders,Sasja,Leenders,3.0
,Founder & CEO at Lalaland,Amsterdam,https://www.linkedin.com/company/lalaland-ai,2022-08-18T10:54:14.003Z,https://www.linkedin.com/in/michaelmusandu,Michael Musandu,Michael,Musandu,3.0
,Early stage investor at Peak,Amsterdam,https://www.linkedin.com/company/lalaland-ai,2022-08-18T10:54:14.003Z,https://www.linkedin.com/in/choksisiddharth,Siddharth Choksi,Siddharth,Choksi,3.0
,Commercial Director at Beauty2People | International business development | Digital marketeer | Growth trough performance,Arnhem-Nijmegen Bölgesi,https://www.linkedin.com/company/lalaland-ai,2022-08-18T10:54:14.003Z,https://www.linkedin.com/in/sasja-leenders-04251a6,Sasja Leenders,Sasja,Leenders,3.0
,Founder & CEO at Lalaland,Amsterdam,https://www.linkedin.com/company/lalaland-ai,2022-08-18T10:56:28.089Z,https://www.linkedin.com/in/michaelmusandu,Michael Musandu,Michael,Musandu,3.0
,Early stage investor at Peak,Amsterdam,https://www.linkedin.com/company/lalaland-ai,2022-08-18T10:56:28.089Z,https://www.linkedin.com/in/choksisiddharth,Siddharth Choksi,Siddharth,Choksi,3.0
,Commercial Director at Beauty2People | International business development | Digital marketeer | Growth trough performance,Arnhem-Nijmegen Bölgesi,https://www.linkedin.com/company/lalaland-ai,2022-08-18T10:56:28.089Z,https://www.linkedin.com/in/sasja-leenders-04251a6,Sasja Leenders,Sasja,Leenders,3.0
,Founder & CEO at Lalaland,Amsterdam,https://www.linkedin.com/company/lalaland-ai,2022-08-18T10:57:54.920Z,https://www.linkedin.com/in/michaelmusandu,Michael Musandu,Michael,Musandu,3.0
,Early stage investor at Peak,Amsterdam,https://www.linkedin.com/company/lalaland-ai,2022-08-18T10:57:54.920Z,https://www.linkedin.com/in/choksisiddharth,Siddharth Choksi,Siddharth,Choksi,3.0
,Commercial Director at Beauty2People | International business development | Digital marketeer | Growth trough performance,Arnhem-Nijmegen Bölgesi,https://www.linkedin.com/company/lalaland-ai,2022-08-18T10:57:54.920Z,https://www.linkedin.com/in/sasja-leenders-04251a6,Sasja Leenders,Sasja,Leenders,3.0
,Founder & CEO at Lalaland,Amsterdam,https://www.linkedin.com/company/lalaland-ai,2022-08-19T07:22:05.505Z,https://www.linkedin.com/in/michaelmusandu,Michael Musandu,Michael,Musandu,3.0
,Early stage investor at Peak,Amsterdam,https://www.linkedin.com/company/lalaland-ai,2022-08-19T07:22:05.505Z,https://www.linkedin.com/in/choksisiddharth,Siddharth Choksi,Siddharth,Choksi,3.0
,Commercial Director at Beauty2People | International business development | Digital marketeer | Growth trough performance,Arnhem-Nijmegen Bölgesi,https://www.linkedin.com/company/lalaland-ai,2022-08-19T07:22:05.505Z,https://www.linkedin.com/in/sasja-leenders-04251a6,Sasja Leenders,Sasja,Leenders,3.0
,Founder & CEO at Lalaland,Amsterdam,https://www.linkedin.com/company/lalaland-ai,2022-08-19T07:23:13.090Z,https://www.linkedin.com/in/michaelmusandu,Michael Musandu,Michael,Musandu,3.0
,Early stage investor at Peak,Amsterdam,https://www.linkedin.com/company/lalaland-ai,2022-08-19T07:23:13.090Z,https://www.linkedin.com/in/choksisiddharth,Siddharth Choksi,Siddharth,Choksi,3.0
,Commercial Director at Beauty2People | International business development | Digital marketeer | Growth trough performance,Arnhem-Nijmegen Bölgesi,https://www.linkedin.com/company/lalaland-ai,2022-08-19T07:23:13.090Z,https://www.linkedin.com/in/sasja-leenders-04251a6,Sasja Leenders,Sasja,Leenders,3.0
,Founder & CEO at Lalaland,Amsterdam,https://www.linkedin.com/company/lalaland-ai,2022-08-19T07:24:36.889Z,https://www.linkedin.com/in/michaelmusandu,Michael Musandu,Michael,Musandu,3.0
,Early stage investor at Peak,Amsterdam,https://www.linkedin.com/company/lalaland-ai,2022-08-19T07:24:36.889Z,https://www.linkedin.com/in/choksisiddharth,Siddharth Choksi,Siddharth,Choksi,3.0
,Commercial Director at Beauty2People | International business development | Digital marketeer | Growth trough performance,Arnhem-Nijmegen Bölgesi,https://www.linkedin.com/company/lalaland-ai,2022-08-19T07:24:36.889Z,https://www.linkedin.com/in/sasja-leenders-04251a6,Sasja Leenders,Sasja,Leenders,3.0
,Founder & CEO at Lalaland,Amsterdam,https://www.linkedin.com/company/lalaland-ai,2022-08-19T07:30:34.530Z,https://www.linkedin.com/in/michaelmusandu,Michael Musandu,Michael,Musandu,3.0
,Early stage investor at Peak,Amsterdam,https://www.linkedin.com/company/lalaland-ai,2022-08-19T07:30:34.530Z,https://www.linkedin.com/in/choksisiddharth,Siddharth Choksi,Siddharth,Choksi,3.0
,Commercial Director at Beauty2People | International business development | Digital marketeer | Growth trough performance,Arnhem-Nijmegen Bölgesi,https://www.linkedin.com/company/lalaland-ai,2022-08-19T07:30:34.531Z,https://www.linkedin.com/in/sasja-leenders-04251a6,Sasja Leenders,Sasja,Leenders,3.0
,Founder & CEO at Lalaland,Amsterdam,https://www.linkedin.com/company/lalaland-ai,2022-08-19T07:31:19.040Z,https://www.linkedin.com/in/michaelmusandu,Michael Musandu,Michael,Musandu,3.0
,Early stage investor at Peak,Amsterdam,https://www.linkedin.com/company/lalaland-ai,2022-08-19T07:31:19.040Z,https://www.linkedin.com/in/choksisiddharth,Siddharth Choksi,Siddharth,Choksi,3.0
,Commercial Director at Beauty2People | International business development | Digital marketeer | Growth trough performance,Arnhem-Nijmegen Bölgesi,https://www.linkedin.com/company/lalaland-ai,2022-08-19T07:31:19.040Z,https://www.linkedin.com/in/sasja-leenders-04251a6,Sasja Leenders,Sasja,Leenders,3.0
,Founder & CEO at Lalaland,Amsterdam,https://www.linkedin.com/company/lalaland-ai,2022-08-19T07:34:05.017Z,https://www.linkedin.com/in/michaelmusandu,Michael Musandu,Michael,Musandu,3.0
,Early stage investor at Peak,Amsterdam,https://www.linkedin.com/company/lalaland-ai,2022-08-19T07:34:05.017Z,https://www.linkedin.com/in/choksisiddharth,Siddharth Choksi,Siddharth,Choksi,3.0
,Commercial Director at Beauty2People | International business development | Digital marketeer | Growth trough performance,Arnhem-Nijmegen Bölgesi,https://www.linkedin.com/company/lalaland-ai,2022-08-19T07:34:05.017Z,https://www.linkedin.com/in/sasja-leenders-04251a6,Sasja Leenders,Sasja,Leenders,3.0
,Founder & CEO at Lalaland,Amsterdam,https://www.linkedin.com/company/lalaland-ai,2022-08-19T07:35:07.906Z,https://www.linkedin.com/in/michaelmusandu,Michael Musandu,Michael,Musandu,3.0
,Early stage investor at Peak,Amsterdam,https://www.linkedin.com/company/lalaland-ai,2022-08-19T07:35:07.906Z,https://www.linkedin.com/in/choksisiddharth,Siddharth Choksi,Siddharth,Choksi,3.0
,Commercial Director at Beauty2People | International business development | Digital marketeer | Growth trough performance,Arnhem-Nijmegen Bölgesi,https://www.linkedin.com/company/lalaland-ai,2022-08-19T07:35:07.907Z,https://www.linkedin.com/in/sasja-leenders-04251a6,Sasja Leenders,Sasja,Leenders,3.0
,Founder & CEO at Lalaland,Amsterdam,https://www.linkedin.com/company/lalaland-ai,2022-08-19T07:40:00.160Z,https://www.linkedin.com/in/michaelmusandu,Michael Musandu,Michael,Musandu,3.0
,Early stage investor at Peak,Amsterdam,https://www.linkedin.com/company/lalaland-ai,2022-08-19T07:40:00.160Z,https://www.linkedin.com/in/choksisiddharth,Siddharth Choksi,Siddharth,Choksi,3.0
,Commercial Director at Beauty2People | International business development | Digital marketeer | Growth trough performance,Arnhem-Nijmegen Bölgesi,https://www.linkedin.com/company/lalaland-ai,2022-08-19T07:40:00.160Z,https://www.linkedin.com/in/sasja-leenders-04251a6,Sasja Leenders,Sasja,Leenders,3.0
,Founder & CEO at Lalaland,Amsterdam,https://www.linkedin.com/company/lalaland-ai,2022-08-19T07:52:51.437Z,https://www.linkedin.com/in/michaelmusandu,Michael Musandu,Michael,Musandu,3.0
,Early stage investor at Peak,Amsterdam,https://www.linkedin.com/company/lalaland-ai,2022-08-19T07:52:51.437Z,https://www.linkedin.com/in/choksisiddharth,Siddharth Choksi,Siddharth,Choksi,3.0
,Commercial Director at Beauty2People | International business development | Digital marketeer | Growth trough performance,Arnhem-Nijmegen Bölgesi,https://www.linkedin.com/company/lalaland-ai,2022-08-19T07:52:51.437Z,https://www.linkedin.com/in/sasja-leenders-04251a6,Sasja Leenders,Sasja,Leenders,3.0
,Founder & CEO at Lalaland,Amsterdam,https://www.linkedin.com/company/lalaland-ai,2022-08-19T07:55:32.328Z,https://www.linkedin.com/in/michaelmusandu,Michael Musandu,Michael,Musandu,3.0
,Early stage investor at Peak,Amsterdam,https://www.linkedin.com/company/lalaland-ai,2022-08-19T07:55:32.328Z,https://www.linkedin.com/in/choksisiddharth,Siddharth Choksi,Siddharth,Choksi,3.0
,Commercial Director at Beauty2People | International business development | Digital marketeer | Growth trough performance,Arnhem-Nijmegen Bölgesi,https://www.linkedin.com/company/lalaland-ai,2022-08-19T07:55:32.328Z,https://www.linkedin.com/in/sasja-leenders-04251a6,Sasja Leenders,Sasja,Leenders,3.0
,Founder & CEO at Lalaland,Amsterdam,https://www.linkedin.com/company/lalaland-ai,2022-08-19T07:57:06.729Z,https://www.linkedin.com/in/michaelmusandu,Michael Musandu,Michael,Musandu,3.0
,Early stage investor at Peak,Amsterdam,https://www.linkedin.com/company/lalaland-ai,2022-08-19T07:57:06.729Z,https://www.linkedin.com/in/choksisiddharth,Siddharth Choksi,Siddharth,Choksi,3.0
,Commercial Director at Beauty2People | International business development | Digital marketeer | Growth trough performance,Arnhem-Nijmegen Bölgesi,https://www.linkedin.com/company/lalaland-ai,2022-08-19T07:57:06.729Z,https://www.linkedin.com/in/sasja-leenders-04251a6,Sasja Leenders,Sasja,Leenders,3.0
,Founder & CEO at Lalaland,Amsterdam,https://www.linkedin.com/company/lalaland-ai,2022-08-19T12:31:21.863Z,https://www.linkedin.com/in/michaelmusandu,Michael Musandu,Michael,Musandu,3.0
,Early stage investor at Peak,Amsterdam,https://www.linkedin.com/company/lalaland-ai,2022-08-19T12:31:21.863Z,https://www.linkedin.com/in/choksisiddharth,Siddharth Choksi,Siddharth,Choksi,3.0
,Commercial Director at Beauty2People | International business development | Digital marketeer | Growth trough performance,Arnhem-Nijmegen Bölgesi,https://www.linkedin.com/company/lalaland-ai,2022-08-19T12:31:21.863Z,https://www.linkedin.com/in/sasja-leenders-04251a6,Sasja Leenders,Sasja,Leenders,3.0
,Founder & CEO at Lalaland,Amsterdam,https://www.linkedin.com/company/lalaland-ai,2022-08-19T12:33:32.777Z,https://www.linkedin.com/in/michaelmusandu,Michael Musandu,Michael,Musandu,3.0
,Early stage investor at Peak,Amsterdam,https://www.linkedin.com/company/lalaland-ai,2022-08-19T12:33:32.777Z,https://www.linkedin.com/in/choksisiddharth,Siddharth Choksi,Siddharth,Choksi,3.0
,Commercial Director at Beauty2People | International business development | Digital marketeer | Growth trough performance,Arnhem-Nijmegen Bölgesi,https://www.linkedin.com/company/lalaland-ai,2022-08-19T12:33:32.777Z,https://www.linkedin.com/in/sasja-leenders-04251a6,Sasja Leenders,Sasja,Leenders,3.0
,Founder & CEO at Lalaland,Amsterdam,https://www.linkedin.com/company/lalaland-ai,2022-08-19T12:35:24.841Z,https://www.linkedin.com/in/michaelmusandu,Michael Musandu,Michael,Musandu,3.0
,Early stage investor at Peak,Amsterdam,https://www.linkedin.com/company/lalaland-ai,2022-08-19T12:35:24.841Z,https://www.linkedin.com/in/choksisiddharth,Siddharth Choksi,Siddharth,Choksi,3.0
,Commercial Director at Beauty2People | International business development | Digital marketeer | Growth trough performance,Arnhem-Nijmegen Bölgesi,https://www.linkedin.com/company/lalaland-ai,2022-08-19T12:35:24.841Z,https://www.linkedin.com/in/sasja-leenders-04251a6,Sasja Leenders,Sasja,Leenders,3.0
,Founder & CEO at Lalaland,Amsterdam,https://www.linkedin.com/company/lalaland-ai,2022-08-19T12:42:02.083Z,https://www.linkedin.com/in/michaelmusandu,Michael Musandu,Michael,Musandu,3.0
,Early stage investor at Peak,Amsterdam,https://www.linkedin.com/company/lalaland-ai,2022-08-19T12:42:02.083Z,https://www.linkedin.com/in/choksisiddharth,Siddharth Choksi,Siddharth,Choksi,3.0
,Commercial Director at Beauty2People | International business development | Digital marketeer | Growth trough performance,Arnhem-Nijmegen Bölgesi,https://www.linkedin.com/company/lalaland-ai,2022-08-19T12:42:02.083Z,https://www.linkedin.com/in/sasja-leenders-04251a6,Sasja Leenders,Sasja,Leenders,3.0
,Founder & CEO at Lalaland,Amsterdam,https://www.linkedin.com/company/lalaland-ai,2022-08-19T12:43:11.584Z,https://www.linkedin.com/in/michaelmusandu,Michael Musandu,Michael,Musandu,3.0
,Early stage investor at Peak,Amsterdam,https://www.linkedin.com/company/lalaland-ai,2022-08-19T12:43:11.584Z,https://www.linkedin.com/in/choksisiddharth,Siddharth Choksi,Siddharth,Choksi,3.0
,Commercial Director at Beauty2People | International business development | Digital marketeer | Growth trough performance,Arnhem-Nijmegen Bölgesi,https://www.linkedin.com/company/lalaland-ai,2022-08-19T12:43:11.584Z,https://www.linkedin.com/in/sasja-leenders-04251a6,Sasja Leenders,Sasja,Leenders,3.0
Company is unavailable!,,,https://www.linkedin.com/company/lalaland-ai,2022-08-23T06:17:43.034Z,,,,,
,Founder & CEO at Lalaland,Amsterdam,https://www.linkedin.com/company/lalaland-ai,2022-08-29T08:43:31.194Z,https://www.linkedin.com/in/michaelmusandu,Michael Musandu,Michael,Musandu,3.0
,Early stage investor at Peak,Amsterdam,https://www.linkedin.com/company/lalaland-ai,2022-08-29T08:43:31.194Z,https://www.linkedin.com/in/choksisiddharth,Siddharth Choksi,Siddharth,Choksi,3.0
,Commercial Director at Beauty2People | International business development | Digital marketeer | Growth trough performance,Arnhem-Nijmegen Bölgesi,https://www.linkedin.com/company/lalaland-ai,2022-08-29T08:43:31.194Z,https://www.linkedin.com/in/sasja-leenders-04251a6,Sasja Leenders,Sasja,Leenders,3.0
,Founder & CEO at Lalaland,Amsterdam,https://www.linkedin.com/company/lalaland-ai,2022-08-29T08:45:43.447Z,https://www.linkedin.com/in/michaelmusandu,Michael Musandu,Michael,Musandu,3.0
,Early stage investor at Peak,Amsterdam,https://www.linkedin.com/company/lalaland-ai,2022-08-29T08:45:43.447Z,https://www.linkedin.com/in/choksisiddharth,Siddharth Choksi,Siddharth,Choksi,3.0
,Commercial Director at Beauty2People | International business development | Digital marketeer | Growth trough performance,Arnhem-Nijmegen Bölgesi,https://www.linkedin.com/company/lalaland-ai,2022-08-29T08:45:43.448Z,https://www.linkedin.com/in/sasja-leenders-04251a6,Sasja Leenders,Sasja,Leenders,3.0
,Founder & CEO at Lalaland,Amsterdam,https://www.linkedin.com/company/lalaland-ai,2022-08-29T08:47:02.120Z,https://www.linkedin.com/in/michaelmusandu,Michael Musandu,Michael,Musandu,3.0
,Early stage investor at Peak,Amsterdam,https://www.linkedin.com/company/lalaland-ai,2022-08-29T08:47:02.121Z,https://www.linkedin.com/in/choksisiddharth,Siddharth Choksi,Siddharth,Choksi,3.0
,Commercial Director at Beauty2People | International business development | Digital marketeer | Growth trough performance,Arnhem-Nijmegen Bölgesi,https://www.linkedin.com/company/lalaland-ai,2022-08-29T08:47:02.121Z,https://www.linkedin.com/in/sasja-leenders-04251a6,Sasja Leenders,Sasja,Leenders,3.0
,Founder & CEO at Lalaland,Amsterdam,https://www.linkedin.com/company/lalaland-ai,2022-08-29T08:52:42.743Z,https://www.linkedin.com/in/michaelmusandu,Michael Musandu,Michael,Musandu,3.0
,Early stage investor at Peak,Amsterdam,https://www.linkedin.com/company/lalaland-ai,2022-08-29T08:52:42.743Z,https://www.linkedin.com/in/choksisiddharth,Siddharth Choksi,Siddharth,Choksi,3.0
,Commercial Director at Beauty2People | International business development | Digital marketeer | Growth trough performance,Arnhem-Nijmegen Bölgesi,https://www.linkedin.com/company/lalaland-ai,2022-08-29T08:52:42.743Z,https://www.linkedin.com/in/sasja-leenders-04251a6,Sasja Leenders,Sasja,Leenders,3.0
,Founder & CEO at Lalaland,Amsterdam,https://www.linkedin.com/company/lalaland-ai,2022-08-29T08:54:08.463Z,https://www.linkedin.com/in/michaelmusandu,Michael Musandu,Michael,Musandu,3.0
,Early stage investor at Peak,Amsterdam,https://www.linkedin.com/company/lalaland-ai,2022-08-29T08:54:08.463Z,https://www.linkedin.com/in/choksisiddharth,Siddharth Choksi,Siddharth,Choksi,3.0
,Commercial Director at Beauty2People | International business development | Digital marketeer | Growth trough performance,Arnhem-Nijmegen Bölgesi,https://www.linkedin.com/company/lalaland-ai,2022-08-29T08:54:08.463Z,https://www.linkedin.com/in/sasja-leenders-04251a6,Sasja Leenders,Sasja,Leenders,3.0
,Founder & CEO at Lalaland,Amsterdam,https://www.linkedin.com/company/lalaland-ai,2022-08-29T08:59:57.794Z,https://www.linkedin.com/in/michaelmusandu,Michael Musandu,Michael,Musandu,3.0
,Early stage investor at Peak,Amsterdam,https://www.linkedin.com/company/lalaland-ai,2022-08-29T08:59:57.795Z,https://www.linkedin.com/in/choksisiddharth,Siddharth Choksi,Siddharth,Choksi,3.0
,Commercial Director at Beauty2People | International business development | Digital marketeer | Growth trough performance,Arnhem-Nijmegen Bölgesi,https://www.linkedin.com/company/lalaland-ai,2022-08-29T08:59:57.795Z,https://www.linkedin.com/in/sasja-leenders-04251a6,Sasja Leenders,Sasja,Leenders,3.0
,Founder & CEO at Lalaland,Amsterdam,https://www.linkedin.com/company/lalaland-ai,2022-08-29T09:02:26.981Z,https://www.linkedin.com/in/michaelmusandu,Michael Musandu,Michael,Musandu,3.0
,Early stage investor at Peak,Amsterdam,https://www.linkedin.com/company/lalaland-ai,2022-08-29T09:02:26.981Z,https://www.linkedin.com/in/choksisiddharth,Siddharth Choksi,Siddharth,Choksi,3.0
,Commercial Director at Beauty2People | International business development | Digital marketeer | Growth trough performance,Arnhem-Nijmegen Bölgesi,https://www.linkedin.com/company/lalaland-ai,2022-08-29T09:02:26.981Z,https://www.linkedin.com/in/sasja-leenders-04251a6,Sasja Leenders,Sasja,Leenders,3.0
,Founder & CEO at Lalaland,Amsterdam,https://www.linkedin.com/company/lalaland-ai,2022-08-29T09:03:30.362Z,https://www.linkedin.com/in/michaelmusandu,Michael Musandu,Michael,Musandu,3.0
,Early stage investor at Peak,Amsterdam,https://www.linkedin.com/company/lalaland-ai,2022-08-29T09:03:30.362Z,https://www.linkedin.com/in/choksisiddharth,Siddharth Choksi,Siddharth,Choksi,3.0
,Commercial Director at Beauty2People | International business development | Digital marketeer | Growth trough performance,Arnhem-Nijmegen Bölgesi,https://www.linkedin.com/company/lalaland-ai,2022-08-29T09:03:30.363Z,https://www.linkedin.com/in/sasja-leenders-04251a6,Sasja Leenders,Sasja,Leenders,3.0
,Founder & CEO at Lalaland,Amsterdam,https://www.linkedin.com/company/lalaland-ai,2022-08-29T09:05:30.528Z,https://www.linkedin.com/in/michaelmusandu,Michael Musandu,Michael,Musandu,3.0
,Early stage investor at Peak,Amsterdam,https://www.linkedin.com/company/lalaland-ai,2022-08-29T09:05:30.529Z,https://www.linkedin.com/in/choksisiddharth,Siddharth Choksi,Siddharth,Choksi,3.0
,Commercial Director at Beauty2People | International business development | Digital marketeer | Growth trough performance,Arnhem-Nijmegen Bölgesi,https://www.linkedin.com/company/lalaland-ai,2022-08-29T09:05:30.529Z,https://www.linkedin.com/in/sasja-leenders-04251a6,Sasja Leenders,Sasja,Leenders,3.0
,Founder & CEO at Lalaland,Amsterdam,https://www.linkedin.com/company/lalaland-ai,2022-08-29T09:06:44.260Z,https://www.linkedin.com/in/michaelmusandu,Michael Musandu,Michael,Musandu,3.0
,Early stage investor at Peak,Amsterdam,https://www.linkedin.com/company/lalaland-ai,2022-08-29T09:06:44.260Z,https://www.linkedin.com/in/choksisiddharth,Siddharth Choksi,Siddharth,Choksi,3.0
,Commercial Director at Beauty2People | International business development | Digital marketeer | Growth trough performance,Arnhem-Nijmegen Bölgesi,https://www.linkedin.com/company/lalaland-ai,2022-08-29T09:06:44.260Z,https://www.linkedin.com/in/sasja-leenders-04251a6,Sasja Leenders,Sasja,Leenders,3.0
,Founder & CEO at Lalaland,Amsterdam,https://www.linkedin.com/company/lalaland-ai,2022-08-29T09:09:49.272Z,https://www.linkedin.com/in/michaelmusandu,Michael Musandu,Michael,Musandu,3.0
,Early stage investor at Peak,Amsterdam,https://www.linkedin.com/company/lalaland-ai,2022-08-29T09:09:49.272Z,https://www.linkedin.com/in/choksisiddharth,Siddharth Choksi,Siddharth,Choksi,3.0
,Commercial Director at Beauty2People | International business development | Digital marketeer | Growth trough performance,Arnhem-Nijmegen Bölgesi,https://www.linkedin.com/company/lalaland-ai,2022-08-29T09:09:49.272Z,https://www.linkedin.com/in/sasja-leenders-04251a6,Sasja Leenders,Sasja,Leenders,3.0
,Founder & CEO at Lalaland,Amsterdam,https://www.linkedin.com/company/lalaland-ai,2022-08-29T09:15:59.869Z,https://www.linkedin.com/in/michaelmusandu,Michael Musandu,Michael,Musandu,3.0
,Early stage investor at Peak,Amsterdam,https://www.linkedin.com/company/lalaland-ai,2022-08-29T09:15:59.869Z,https://www.linkedin.com/in/choksisiddharth,Siddharth Choksi,Siddharth,Choksi,3.0
,Commercial Director at Beauty2People | International business development | Digital marketeer | Growth trough performance,Arnhem-Nijmegen Bölgesi,https://www.linkedin.com/company/lalaland-ai,2022-08-29T09:15:59.869Z,https://www.linkedin.com/in/sasja-leenders-04251a6,Sasja Leenders,Sasja,Leenders,3.0
,Founder & CEO at Lalaland,Amsterdam,https://www.linkedin.com/company/lalaland-ai,2022-08-29T09:17:22.747Z,https://www.linkedin.com/in/michaelmusandu,Michael Musandu,Michael,Musandu,3.0
,Early stage investor at Peak,Amsterdam,https://www.linkedin.com/company/lalaland-ai,2022-08-29T09:17:22.747Z,https://www.linkedin.com/in/choksisiddharth,Siddharth Choksi,Siddharth,Choksi,3.0
,Commercial Director at Beauty2People | International business development | Digital marketeer | Growth trough performance,Arnhem-Nijmegen Bölgesi,https://www.linkedin.com/company/lalaland-ai,2022-08-29T09:17:22.748Z,https://www.linkedin.com/in/sasja-leenders-04251a6,Sasja Leenders,Sasja,Leenders,3.0
,Founder & CEO at Lalaland,Amsterdam,https://www.linkedin.com/company/lalaland-ai,2022-08-29T09:19:11.247Z,https://www.linkedin.com/in/michaelmusandu,Michael Musandu,Michael,Musandu,3.0
,Early stage investor at Peak,Amsterdam,https://www.linkedin.com/company/lalaland-ai,2022-08-29T09:19:11.247Z,https://www.linkedin.com/in/choksisiddharth,Siddharth Choksi,Siddharth,Choksi,3.0
,Commercial Director at Beauty2People | International business development | Digital marketeer | Growth trough performance,Arnhem-Nijmegen Bölgesi,https://www.linkedin.com/company/lalaland-ai,2022-08-29T09:19:11.248Z,https://www.linkedin.com/in/sasja-leenders-04251a6,Sasja Leenders,Sasja,Leenders,3.0
,Founder & CEO at Lalaland,Amsterdam,https://www.linkedin.com/company/lalaland-ai,2022-08-29T09:20:33.417Z,https://www.linkedin.com/in/michaelmusandu,Michael Musandu,Michael,Musandu,3.0
,Early stage investor at Peak,Amsterdam,https://www.linkedin.com/company/lalaland-ai,2022-08-29T09:20:33.417Z,https://www.linkedin.com/in/choksisiddharth,Siddharth Choksi,Siddharth,Choksi,3.0
,Commercial Director at Beauty2People | International business development | Digital marketeer | Growth trough performance,Arnhem-Nijmegen Bölgesi,https://www.linkedin.com/company/lalaland-ai,2022-08-29T09:20:33.417Z,https://www.linkedin.com/in/sasja-leenders-04251a6,Sasja Leenders,Sasja,Leenders,3.0
,Founder & CEO at Lalaland,Amsterdam,https://www.linkedin.com/company/lalaland-ai,2022-08-29T09:23:12.386Z,https://www.linkedin.com/in/michaelmusandu,Michael Musandu,Michael,Musandu,3.0
,Early stage investor at Peak,Amsterdam,https://www.linkedin.com/company/lalaland-ai,2022-08-29T09:23:12.386Z,https://www.linkedin.com/in/choksisiddharth,Siddharth Choksi,Siddharth,Choksi,3.0
,Commercial Director at Beauty2People | International business development | Digital marketeer | Growth trough performance,Arnhem-Nijmegen Bölgesi,https://www.linkedin.com/company/lalaland-ai,2022-08-29T09:23:12.387Z,https://www.linkedin.com/in/sasja-leenders-04251a6,Sasja Leenders,Sasja,Leenders,3.0
,Founder & CEO at Lalaland,Amsterdam,https://www.linkedin.com/company/lalaland-ai,2022-08-29T09:24:03.324Z,https://www.linkedin.com/in/michaelmusandu,Michael Musandu,Michael,Musandu,3.0
,Early stage investor at Peak,Amsterdam,https://www.linkedin.com/company/lalaland-ai,2022-08-29T09:24:03.325Z,https://www.linkedin.com/in/choksisiddharth,Siddharth Choksi,Siddharth,Choksi,3.0
,Commercial Director at Beauty2People | International business development | Digital marketeer | Growth trough performance,Arnhem-Nijmegen Bölgesi,https://www.linkedin.com/company/lalaland-ai,2022-08-29T09:24:03.325Z,https://www.linkedin.com/in/sasja-leenders-04251a6,Sasja Leenders,Sasja,Leenders,3.0
,Founder & CEO at Lalaland,Amsterdam,https://www.linkedin.com/company/lalaland-ai,2022-08-29T09:24:58.499Z,https://www.linkedin.com/in/michaelmusandu,Michael Musandu,Michael,Musandu,3.0
,Early stage investor at Peak,Amsterdam,https://www.linkedin.com/company/lalaland-ai,2022-08-29T09:24:58.499Z,https://www.linkedin.com/in/choksisiddharth,Siddharth Choksi,Siddharth,Choksi,3.0
,Commercial Director at Beauty2People | International business development | Digital marketeer | Growth trough performance,Arnhem-Nijmegen Bölgesi,https://www.linkedin.com/company/lalaland-ai,2022-08-29T09:24:58.499Z,https://www.linkedin.com/in/sasja-leenders-04251a6,Sasja Leenders,Sasja,Leenders,3.0
